id,generated
0000aaaa,0.7904762
1111bbbb,0.73812014
2222cccc,0.8754951
